id,class,scope,category,description,design_status,purchase_status,authorization_status,rfq_submission_status,order_authorized,production_authorized,required_qty,spare_qty,pack_qty,packages_to_order,order_qty,uom,supplier,supplier_sku,receiving_contract_json,checkout_condition
kit-m0-m1-1-cl42t-s05-v41,cots,machine,motion,M0/M1 closed-loop NEMA17 motor driver and cable kits,selected,cart_ready,order_ready,,,,2,0,1,2,2,each,StepperOnline,1-CL42T-S05-V41,{},
driver-m0-m1-cl42t,electronics,excluded,electronics,Separate closed-loop stepper drivers for M0 and M1,not_applicable,excluded,excluded,,,,0,0,1,0,0,each,,,{},
motor-m2-leadshine-cs-m21708,cots,machine,motion,Leadshine CS-M21708 M2 NEMA17 motor with 1000-line encoder,selected,cart_ready,order_ready,,,,1,0,1,1,1,each,Leadshine,CS-M21708,{},
driver-m2-leadshine-cs-d508-conditional,electronics,machine,electronics,"Selected Leadshine CS-D508 closed-loop M2 driver; hardware order-ready, production current configuration remains a commissioning gate",selected,cart_ready,order_ready,,,,1,0,1,1,1,each,Leadshine,CS-D508,"{""commissioning_supply_vdc"":36.0,""encoder_lines"":1000,""exact_model"":""CS-D508"",""input_voltage_vdc"":{""maximum"":50.0,""minimum"":20.0},""production_configuration_requires_manufacturer_or_dyno_proof"":true,""software_peak_current_A"":{""candidate_lower"":3.5,""candidate_upper"":3.6,""released"":null}}",
linear-rail-mgn12h-150,cots,machine,motion,150 mm MGN12 rail with MGN12H block,selected,cart_ready,order_ready,,,,2,0,1,2,2,assembly,ABRA Electronics,MP-LR12H-150,{},
t8-antibacklash-flange-nut,cots,machine,motion,T8x8 four-start POM anti-backlash flange nut,selected,cart_ready,order_ready,,,,1,0,1,1,1,each,ZYLtech Engineering,HW-SC-SMALLFL-P / T8x8 option,"{""configured_installed_length_max_mm"":22.4,""inspection"":""Confirm both 15 mm Delrin halves, main flange OD22 x 4 with four M3 holes on PCD16, secondary flange OD14 x 4, free sliding engagement on the released screw, and backlash removal while the complete installed set remains within the 22.4 mm reserved axial envelope."",""required_option"":""T8x8 (2 mm pitch, 4-start, 8 mm lead)""}",
t8x8-leadscrew-188-journal30,custom,machine,motion,"T8x8 four-start lead screw, 188 mm, native 30 mm smooth diameter-8 journal",selected,rfq_ready,order_ready,,,,1,0,1,1,1,each,,,{},
beam-coupling-5x8-24x32,cots,machine,motion,"Ruland 8 mm to 5 mm four-beam clamp coupling, OD22.2 x 27 mm",selected,cart_ready,order_ready,,,,2,0,1,2,2,each,Ruland Manufacturing,PCMR22-8-5-A,{},
bearing-608zz,cots,machine,bearing,608ZZ 8x22x7 bearing,selected,cart_ready,order_ready,,,,2,1,1,3,3,each,Bearings Direct,S608-ZZ,{},
bearing-6001zz,cots,machine,bearing,6001ZZ 12x28x8 bearing,selected,cart_ready,order_ready,,,,2,0,1,2,2,each,Bearings Direct,6001-ZZ,{},
bearing-623zz,cots,machine,bearing,623ZZ 3x10x4 dancer bearing,selected,cart_ready,order_ready,,,,1,0,1,1,1,each,Bearings Direct,623-ZZ,{},
bearing-688-2rs,cots,machine,bearing,688-2RS 8x16x5 fixed-end bearing,selected,cart_ready,order_ready,,,,1,0,1,1,1,each,Bearings Direct,688-2RS,{},
retaining-ring-din472-16,cots,machine,retention,DIN 472 internal retaining ring for 16 mm bore,selected,cart_ready,order_ready,,,,1,1,5,1,5,each,McMaster-Carr,98394A431,{},
retaining-ring-din472-22,cots,machine,retention,DIN 472 internal retaining ring for 22 mm bore,selected,cart_ready,order_ready,,,,2,1,5,1,5,each,McMaster-Carr,98394A440,{},
retaining-ring-din472-28,cots,machine,retention,DIN 472 internal retaining ring for 28 mm bore,selected,cart_ready,order_ready,,,,1,1,1,2,2,each,McMaster-Carr,98394A447,{},
bearing-retention-custom-set,custom,machine,retention,"Custom M0, M1, and M2 bearing race spacers, collar, and shim set",selected,rfq_ready,order_ready,,,,10,0,1,10,10,piece,,,{},
motor-pulley-nbk-p30-3gt-blp-6c-5-bnw-conditional,custom,machine,motion,NBK P30-3GT-BLP-6C-5 stock split-clamp pulley with conditional BNW two-set-screw machining,selected,rfq_ready,conditional,,,,1,0,1,1,1,each,NBK configured-machining RFQ,P30-3GT-BLP-6C-5-BNW,{},
timing-belt-210-3gt-6,cots,machine,motion,"210 mm pitch-length 3GT timing belt, 6 mm wide",selected,cart_ready,order_ready,,,,1,1,1,2,2,each,MISUMI US,210-3GT-6,{},
spindle-er11-c8-100l,tooling,machine,workholding,Ounuowei C8-ER11A-100L straight-shank collet holder,selected,rfq_ready,order_ready,,,,1,0,1,1,1,each,,,{},
er11-metric-collet-set-1-7,tooling,machine,workholding,"MariTool ER11 13-piece metric collet set, 1-7 mm by 0.5 mm",selected,cart_ready,order_ready,,,,1,0,1,1,1,set,MariTool,ER11-13PIECE,{},
m1-spindle-custom-d8-c8-100l,tooling,machine,workholding,Custom 4140 prehard socket holder for the exact 8.00 mm shaft endpoint,selected,rfq_ready,order_ready,,,,1,0,1,1,1,each,,,{},
extrusion-hfs5-2020-cut-set,raw_stock,machine,structure,"2020 slot-6 extrusion cut set: 2x450, 3x180, 2x280, 2x235, 1x305 mm; 2775 mm total",selected,cart_ready,order_ready,,,,10,0,1,10,10,cut_length,MISUMI,HFS5-2020-450 x2; HFS5-2020-180 x3; HFS5-2020-280 x2; HFS5-2020-235 x2; HFS5-2020-305 x1,{},
foot-stack-elesa-432001-wurth-970180581,cots,excluded,structure,Foot-stack interface evidence; ordering is carried by the three exact hardware rows,selected,excluded,excluded,,,,0,0,1,0,0,stack,,,{},
flyer-shaft-stock-d10-rev-d,custom,machine,structure,"L79.00 hollow flyer shaft with full OD10/ID6 stock-pulley seat, ID6-to-ID9 transition, OD12 main span and two arm flats",selected,rfq_ready,order_ready,,,,1,0,1,1,1,each,,,{},
carriage-plate-mic6-0p250,sendcutsend,machine,fabricated,0.250 inch MIC6 carriage plate,selected,upload_ready,order_ready,,,,1,0,1,1,1,each,SendCutSend,ALUMIC6-250,{},
endstop-omron-d2f-01l2-d3,cots,machine,sensor,Omron D2F-01L2-D3 hinge-roller microswitch with solder terminals,selected,cart_ready,order_ready,,,,1,1,1,2,2,each,DigiKey,Z4701-ND,{},
fixed-ceramic-eyelet-id4-od9,custom,machine,wire_path,"Drawing-controlled polished alumina fixed guide, ID4 x OD9 x 3 mm",selected,rfq_ready,order_ready,,,,1,1,1,2,2,each,,,{},
flyer-guide-peek-one-piece,custom,machine,wire_path,One-piece natural-unfilled-PEEK flyer guide with integral polished exit bell,selected,rfq_ready,blocked,ready,False,False,1,0,1,1,1,each,,,{},
stator-short-leadin-peek-cap-pair,custom,machine,wire_path,"Front and rear natural-unfilled-PEEK stator caps, each with 24 two-branch short-leadin sectors (48 open branch grooves per cap)",selected,rfq_ready,blocked,ready,False,False,2,0,1,2,2,each,,,{},
active-sector-peek-guide-pair,custom,machine,wire_path,"Two M0-following, M1-static natural-unfilled-PEEK active-sector guides",selected,rfq_ready,blocked,ready,False,False,2,0,1,2,2,each,,,{},
active-sector-aluminum-yoke,custom,machine,structure,One-solid keyed aluminum carriage yoke for the active-sector guides,selected,rfq_ready,blocked,ready,False,False,1,0,1,1,1,each,,,{},
flyer-pulley-nbk-p30-3gt-blp-6c-10,cots,machine,motion,"Stock NBK 30T 3GT backlash-less flyer pulley, 6 mm belt, D10 split-clamp bore",selected,cart_ready,blocked,,,,1,0,1,1,1,each,NBK,P30-3GT-BLP-6C-10,"{""axial_j_kgm2"":3e-06,""bore_mm"":10.0,""clamp_torque_nm"":0.5,""mass_g"":28.0,""part_number"":""P30-3GT-BLP-6C-10"",""source_step_sha256"":""780110e1d59a988661f5ae80e9ebbe5d2eb324b9037d33a481809c939fa4c9f1"",""supplied_clamp_bolt"":""M2""}","Confirm the current delivered price, exact-line fulfillment, and destination shipping at checkout; cart_ready is not order or motion authorization."
flyer-balance-b777-six-trim-set,custom,machine,balance,Six serialized ASTM-B777 annular flyer-balance trims: four rear stacks plus two front trims,selected,rfq_ready,blocked,ready,False,False,6,0,1,6,6,each,,,"{""density_substitution_requires_new_balance_solve"":true,""design_density_g_cm3"":18.49,""required_records"":[""ASTM B777 class and lot certificate"",""certified density"",""OD, ID and axial length per serial"",""finished mass per serial""],""required_serial_count"":6}",
shaft-wrap-sleeve-default-d4,tooling,job,wire_path,Default-job seamless polished shaft-wrap sleeve for nominal 4 mm shaft,selected,rfq_ready,order_ready,,,,1,1,1,2,2,each,,,{},
default-magnet-wire-32snsp125,consumable,job,winding_material,Remington 32SNSP.125 32 AWG single-build wire; 0.22352 mm supplier nominal finished OD; measured job input must be 0.220-0.235 mm,selected,cart_ready,order_ready,,,,1,0,1,1,1,2_oz_spool,Remington Industries,32SNSP.125,"{""accepted_conservative_measured_finished_diameter_mm"":{""maximum"":0.235,""minimum"":0.22},""default_simulation_finished_diameter_mm"":0.22352,""inspection"":""Accept this 50-turn job only when the conservative measured finished OD is 0.220-0.235 mm. Regenerate packing, winding plan, settings, packed routes, capture, continuous audit, and player from the measured value before hardware motion."",""measurement_rule"":""Measure finished OD at no fewer than five separated locations with a suitable calibrated wire micrometer and use the conservative maximum including instrument uncertainty as the job input."",""regeneration_command"":"".venv/Scripts/python.exe cad/job_artifacts.py --wire-measured <wire_max_mm> --liner-measured <liner_max_mm>"",""supplier_nominal_finished_diameter_in"":0.0088,""supplier_nominal_finished_diameter_mm"":0.22352}",
default-slot-liner-nomex410-5mil,consumable,job,winding_material,DuPont Nomex Type 410 5 mil sheet; 0.127 mm supplier nominal; measured installed job input must be 0.120-0.140 mm,selected,cart_ready,order_ready,,,,1,0,1,1,1,sheet,BAE Wire & Insulation,INNMX410005S,"{""accepted_conservative_measured_installed_thickness_mm"":{""maximum"":0.14,""minimum"":0.12},""default_simulation_installed_thickness_mm"":0.127,""inspection"":""Accept this 50-turn job only when the conservative installed thickness is 0.120-0.140 mm and every core edge remains protected. Regenerate packing, winding plan, settings, packed routes, capture, continuous audit, and player before hardware motion."",""measurement_rule"":""Form the slot-cell process, measure installed radial thickness at no fewer than five coupon locations, and use the conservative maximum including instrument uncertainty as the job input."",""regeneration_command"":"".venv/Scripts/python.exe cad/job_artifacts.py --wire-measured <wire_max_mm> --liner-measured <liner_max_mm>"",""supplier_nominal_thickness_in"":0.005,""supplier_nominal_thickness_mm"":0.127}",
end-turn-former-default,tooling,optional,wire_path,Future optional end-turn forming tool; not part of the Goal1 flyer-winder mechanism,pending,blocked,excluded,,,,0,0,1,0,0,each,,,{},
felt-backing-disc-20-4p5-1,custom,machine,tensioner,OD20 x ID4.5 x 1 mm 304 stainless felt backing disc,selected,rfq_ready,order_ready,,,,2,0,1,2,2,each,,,{},
felt-pad-20-4p5-3,custom,machine,tensioner,OD20 x ID4.5 x 3 mm wool felt drag pad,selected,rfq_ready,order_ready,,,,2,4,1,6,6,each,,,{},
felt-sheet-8341k31,consumable,machine,tensioner,F5 plain wool felt sheet stock for locally cut drag pads,selected,cart_ready,order_ready,,,,1,0,1,1,1,sheet,McMaster-Carr,8341K31,{},
dancer-standoff-sleeve-set,custom,machine,tensioner,"Dancer stand-off sleeves: 2x OD5/ID3.2/L4, 1x OD4/ID2.2/L1.5, 1x OD4/ID2.2/L4",selected,rfq_ready,order_ready,,,,4,0,1,4,4,piece,,,{},
power-supply-m2-regulated-36v-condition,electronics,machine,electronics,Selected Leadshine LSP-360-36 regulated 36 VDC M2 bench/commissioning supply; mains safety integration blocked,selected,blocked,conditional,,,,1,0,1,1,1,each,Leadshine,LSP-360-36,"{""continuous_output_current_A"":10.0,""exact_model"":""LSP-360-36"",""input_selector_must_match_site_mains_before_energizing"":true,""input_voltage_windows_vac"":[[92.0,138.0],[184.0,276.0]],""mains_enclosure_and_protection_release_required"":true,""maximum_envelope_mm"":[215.0,115.0,30.0],""output_voltage_vdc"":36.0,""peak_output_current_A"":18.0,""rated_power_W"":360.0}",
controller-board,electronics,optional,electronics,Optional controller implementation for the required serial protocol,pending,blocked,excluded,,,,1,0,1,1,1,each,,,{},
structural-petg-filament,consumable,machine,print,Structural PETG filament,selected,cart_ready,order_ready,,,,1,0,1,1,1,1kg_spool,Micro Center,151506,{},
ceramic-bonding-epoxy,consumable,machine,assembly_consumable,Bonding epoxy for fixed ceramic eyelets and the interphase shaft-wrap sleeve,selected,cart_ready,order_ready,,,,1,0,1,1,1,package,EIS,LOC21425,{},
foot-stud-threadlocker-loctite-243,consumable,machine,assembly_consumable,Medium-strength anaerobic threadlocker for the four foot-stack set screws,selected,cart_ready,order_ready,,,,1,0,1,1,1,single_use_capsule,McMaster-Carr,91458A114,{},
hardware:91116A130,fastener,machine,hardware,McMaster 91116A130 M4 oversized flat thrust washer,selected,cart_ready,,,,,1,4,100,1,100,each,McMaster-Carr,91116A130,{},
hardware:94125K614,fastener,machine,hardware,McMaster 94125K614 compression spring,selected,cart_ready,,,,,1,4,5,1,5,each,McMaster-Carr,94125K614,{},
hardware:DIN315-M4,fastener,machine,hardware,M4 wing nut,selected,cart_ready,,,,,1,0,10,1,10,each,McMaster-Carr,94300A411,{},
hardware:DIN976-M4x55,raw_stock,machine,hardware,M4x55 fully-threaded stud,selected,cart_ready,,,,,1,0,1,1,1,each,McMaster-Carr,90024A221,{},
hardware:DIN988-3x6x0.5,fastener,machine,hardware,OD3 DIN 988 thrust washer,selected,cart_ready,,,,,7,0,1,7,7,each,Accu,HSHN-3-6-0-5-A2,{},
hardware:DIN988-5x10x0.5,fastener,machine,hardware,OD5 DIN 988 thrust washer,selected,cart_ready,,,,,2,0,50,1,50,each,McMaster-Carr,98055A098,{},
hardware:ELESA-432001,cots,machine,hardware,Elesa DVB.6 OD20x17 M5 rubber foot,selected,cart_ready,,,,,4,0,1,4,4,each,Reiman,DVB.6-20-17-M5-6-55,{},
hardware:ISO10511-M2,fastener,machine,hardware,M2 prevailing-torque nut,selected,cart_ready,,,,,7,2,10,1,10,each,McMaster-Carr,90576A211,{},
hardware:ISO10511-M2.5,fastener,machine,hardware,M2.5 prevailing-torque nut,selected,cart_ready,,,,,1,1,25,1,25,each,McMaster-Carr,93625A103,{},
hardware:ISO10511-M4,fastener,machine,hardware,M4 prevailing-torque nut,selected,cart_ready,,,,,6,2,100,1,100,each,McMaster-Carr,90576A103,{},
hardware:ISO10511-M8,fastener,machine,hardware,M8 prevailing-torque nut,selected,cart_ready,,,,,1,1,100,1,100,each,McMaster-Carr,90576A117,{},
hardware:ISO10642-M3x6,fastener,machine,hardware,M3x6 countersunk rear-balance screw,selected,cart_ready,,,,,4,0,100,1,100,each,McMaster-Carr,92125A126,{},Confirm current pack price and line-specific fulfillment for this exact SKU at checkout; cart_ready is not order or motion authorization.
hardware:ISO10642-M5x12,fastener,machine,hardware,M5x12 flush M0 bearing-support screw,selected,cart_ready,,,,,10,2,100,1,100,each,McMaster-Carr,91263A833,{},
hardware:ISO14581-M2x12,fastener,machine,hardware,M2x12 flush fixed spring pin,selected,cart_ready,,,,,1,1,50,1,50,each,McMaster-Carr,90236A107,{},
hardware:ISO14581-M2x16,fastener,machine,hardware,M2x16 flush moving spring pin,selected,cart_ready,,,,,1,1,50,1,50,each,McMaster-Carr,90236A108,{},
hardware:ISO4026-M3x8,fastener,machine,hardware,M3x8 flat-point arm set screw,selected,cart_ready,,,,,2,2,25,1,25,each,McMaster-Carr,92605A102,{},
hardware:ISO4026-M5x12,fastener,machine,hardware,M5x12 flat-point bonded foot stud,selected,cart_ready,,,,,4,0,1,4,4,each,Accu,SSF-M5-12-A2,{},
hardware:ISO4032-M4,fastener,machine,hardware,M4 jam/hex nut,selected,cart_ready,,,,,1,0,100,1,100,each,McMaster-Carr,90592A011,{},
hardware:ISO4762-M2x16,fastener,machine,hardware,M2x16 switch screw,selected,cart_ready,,,,,2,2,100,1,100,each,McMaster-Carr,91290A047,{},
hardware:ISO4762-M2x20,fastener,machine,hardware,M2x20 paired-cap through screw,selected,cart_ready,,,,,3,0,100,1,100,each,McMaster-Carr,91290A049,{},Confirm current pack price and line-specific fulfillment for this exact SKU at checkout; cart_ready is not order or motion authorization.
hardware:ISO4762-M2x6,fastener,machine,hardware,M2x6 PEEK flyer-guide screw,selected,cart_ready,,,,,3,0,100,1,100,each,McMaster-Carr,91290A013,{},Confirm current pack price and line-specific fulfillment for this exact SKU at checkout; cart_ready is not order or motion authorization.
hardware:ISO4762-M2x8,fastener,machine,hardware,M2x8 front-balance screw,selected,cart_ready,,,,,2,0,100,1,100,each,McMaster-Carr,91290A015,{},Confirm current pack price and line-specific fulfillment for this exact SKU at checkout; cart_ready is not order or motion authorization.
hardware:ISO4762-M3x10,fastener,machine,hardware,M3x10 carriage-block screw,selected,cart_ready,,,,,22,4,100,1,100,each,McMaster-Carr,91502A104,{},
hardware:ISO4762-M3x12,fastener,machine,hardware,M3x12 T8 flange-nut screw,selected,cart_ready,,,,,4,1,100,1,100,each,McMaster-Carr,91502A105,{},
hardware:ISO4762-M3x14,fastener,machine,hardware,M3x14 active-sector guide screw,selected,cart_ready,,,,,4,0,100,1,100,each,McMaster-Carr,91502A106,{},Confirm current pack price and line-specific fulfillment for this exact SKU at checkout; cart_ready is not order or motion authorization.
hardware:ISO4762-M3x8,fastener,machine,hardware,M3x8 rail screw,selected,cart_ready,,,,,12,3,100,1,100,each,McMaster-Carr,91502A103,{},
hardware:ISO4762-M4x10,fastener,machine,hardware,M4x10 yoke-to-tower screw,selected,cart_ready,,,,,4,0,100,1,100,each,McMaster-Carr,90128A212,{},Confirm current pack price and line-specific fulfillment for this exact SKU at checkout; cart_ready is not order or motion authorization.
hardware:ISO4762-M4x20,fastener,machine,hardware,M4x20 front tower screw,selected,cart_ready,,,,,2,2,100,1,100,each,McMaster-Carr,90128A216,{},
hardware:ISO4762-M4x25,fastener,machine,hardware,M4x25 rear tower/flag screw,selected,cart_ready,,,,,4,2,100,1,100,each,McMaster-Carr,90128A217,{},
hardware:ISO4762-M5x12,fastener,machine,hardware,M5x12 rear-post shoe screw,selected,cart_ready,,,,,10,4,100,1,100,each,McMaster-Carr,90128A236,{},
hardware:ISO4762-M5x16,fastener,machine,hardware,M5x16 flyer-block screw,selected,cart_ready,,,,,4,1,100,1,100,each,McMaster-Carr,90128A244,{},
hardware:ISO4762-M8x75,fastener,machine,hardware,M8x75 socket-head axle bolt,selected,cart_ready,,,,,1,0,25,1,25,each,McMaster-Carr,91290A461,{},
hardware:ISO7089-M2,fastener,machine,hardware,M2 normal washer,selected,cart_ready,,,,,14,2,100,1,100,each,McMaster-Carr,91166A180,{},
hardware:ISO7089-M3,fastener,machine,hardware,M3 normal washer,selected,cart_ready,,,,,10,4,100,1,100,each,McMaster-Carr,91166A210,{},
hardware:ISO7089-M4,fastener,machine,hardware,M4 normal washer,selected,cart_ready,,,,,10,2,100,1,100,each,McMaster-Carr,91166A230,{},
hardware:ISO7089-M8,fastener,machine,hardware,M8 normal washer,selected,cart_ready,,,,,2,2,100,1,100,each,McMaster-Carr,91166A270,{},
hardware:LEM050AB01,fastener,machine,hardware,Lee Spring LEM050AB 01 extension spring,selected,cart_ready,,,,,1,1,1,2,2,each,Lee Spring,LEM050AB 01 M,{},
hardware:MCMASTER-90265A420,fastener,machine,hardware,OD3x16 shoulder screw,selected,cart_ready,,,,,1,0,1,1,1,each,McMaster-Carr,90265A420,{},
hardware:MCMASTER-94459A120,fastener,machine,hardware,M2 standard heat-set insert,selected,cart_ready,,,,,5,0,50,1,50,each,McMaster-Carr,94459A120,{},Confirm current pack price and line-specific fulfillment for this exact SKU at checkout; cart_ready is not order or motion authorization.
hardware:MCMASTER-94459A130,fastener,machine,hardware,M3 short heat-set insert,selected,cart_ready,,,,,8,1,50,1,50,each,McMaster-Carr,94459A130,{},
hardware:MCMASTER-94459A140,fastener,machine,hardware,M3 standard heat-set insert,selected,cart_ready,,,,,2,2,50,1,50,each,McMaster-Carr,94459A140,{},
hardware:MCMASTER-94459A150,fastener,machine,hardware,M4 short tower heat-set insert,selected,cart_ready,,,,,4,0,50,1,50,each,McMaster-Carr,94459A150,{},Confirm current pack price and line-specific fulfillment for this exact SKU at checkout; cart_ready is not order or motion authorization.
hardware:MCMASTER-94459A769,fastener,machine,hardware,M3 short heat-set stop insert,selected,cart_ready,,,,,2,1,50,1,50,each,McMaster-Carr,94459A769,{},
hardware:MCMASTER-96654A127,fastener,machine,hardware,OD5x10 shoulder screw,selected,cart_ready,,,,,1,0,1,1,1,each,McMaster-Carr,96654A127,{},
hardware:MISUMI-CBSA5-10,fastener,machine,hardware,M5x10 extra-low-head bracket screw,selected,cart_ready,,,,,30,4,1,34,34,each,MISUMI,CBSA5-10,{},
hardware:MISUMI-HBKTST5,fastener,machine,hardware,2020 right-angle bracket,selected,cart_ready,,,,,15,1,1,16,16,each,MISUMI,HBKTST5,{},
hardware:MISUMI-HNTA5-3,fastener,machine,hardware,M3 slot-6 post-assembly T-nut,selected,cart_ready,,,,,12,2,1,14,14,each,MISUMI,HNTA5-3,{},
hardware:MISUMI-HNTA5-4,fastener,machine,hardware,M4 slot-6 pivot T-nut,selected,cart_ready,,,,,1,1,1,2,2,each,MISUMI,HNTA5-4,{},
hardware:MISUMI-HNTA5-5,fastener,machine,hardware,M5 slot-6 post-assembly T-nut,selected,cart_ready,,,,,54,6,1,60,60,each,MISUMI,HNTA5-5,{},
hardware:MISUMI-HNTAJ5-5,fastener,machine,hardware,M5 short slot-6 post-assembly T-nut,selected,cart_ready,,,,,4,1,1,5,5,each,MISUMI,HNTAJ5-5,{},
hardware:WURTH-970180581,cots,machine,hardware,M5 female/female AF8x18 foot standoff,selected,cart_ready,,,,,4,0,1,4,4,each,Farnell,2884560,{},
